ID,Timestamp,Identifier,Junona ID,Telegram ID,Status,Review
1,2025-06-14 16:07:25,1234,J0001,6148271304,–æ–ø—É–±–ª–∏–∫–æ–≤–∞–Ω–æ,"–ú—ã –Ω–µ –ø—Ä–æ–¥–∞–µ–º, –Ω–µ –∏—Å–ø–æ–ª—å–∑—É–µ–º –∏ –Ω–µ —Ä–∞—Å–∫—Ä—ã–≤–∞–µ–º —Ç—Ä–µ—Ç—å–∏–º –ª–∏—Ü–∞–º –∫–∞–∫–∏–µ-–ª–∏–±–æ –¥–∞–Ω–Ω—ã–µ —Å–≤–æ–∏—Ö –ø–æ–ª—å–∑–æ–≤–∞—Ç–µ–ª–µ–π –¥–ª—è –∫–∞–∫–∏—Ö-–ª–∏–±–æ —Ü–µ–ª–µ–π."
2,2025-06-14 16:20:06,Pppppppp,J0002,5249406291,–æ–ø—É–±–ª–∏–∫–æ–≤–∞–Ω–æ,"–ê–¥–º–∏–Ω–∏—Å—Ç—Ä–∞—Ü–∏—è Telegram –±–æ—Ç–∞ @junona_partner_bot –æ–±—è–∑—É–µ—Ç—Å—è —Å–æ—Ö—Ä–∞–Ω—è—Ç—å –≤–∞—à—É –∫–æ–Ω—Ñ–∏–¥–µ–Ω—Ü–∏–∞–ª—å–Ω–æ—Å—Ç—å –≤ –ò–Ω—Ç–µ—Ä–Ω–µ—Ç–µ. –ú—ã —É–¥–µ–ª—è–µ–º –±–æ–ª—å—à–æ–µ –∑–Ω–∞—á–µ–Ω–∏–µ –æ—Ö—Ä–∞–Ω–µ –ø—Ä–µ–¥–æ—Å—Ç–∞–≤–ª–µ–Ω–Ω—ã—Ö –≤–∞–º–∏ –¥–∞–Ω–Ω—ã—Ö. –ù–∞—à–∞ –ø–æ–ª–∏—Ç–∏–∫–∞ –∫–æ–Ω—Ñ–∏–¥–µ–Ω—Ü–∏–∞–ª—å–Ω–æ—Å—Ç–∏ –æ—Å–Ω–æ–≤–∞–Ω–∞ –Ω–∞ —Ç—Ä–µ–±–æ–≤–∞–Ω–∏—è—Ö –ø–æ–ª–∏—Ç–∏–∫ –∫–æ–Ω—Ñ–∏–¥–µ–Ω—Ü–∏–∞–ª—å–Ω–æ—Å—Ç–∏ Telegram –∏ –º–∞–≥–∞–∑–∏–Ω–æ–≤ Apple –∏ Google. 
–ú—ã –Ω–µ —Å–æ–±–∏—Ä–∞–µ–º –∏ –Ω–µ –æ–±—Ä–∞–±–∞—Ç—ã–≤–∞–µ–º –ø–µ—Ä—Å–æ–Ω–∞–ª—å–Ω—ã–µ –¥–∞–Ω–Ω—ã–µ –ø–æ–ª—å–∑–æ–≤–∞—Ç–µ–ª–µ–π. –ù–∞—à Telegram –±–æ—Ç –≤ —Ü–µ–ª—è—Ö –æ—Å—É—â–µ—Å—Ç–≤–ª–µ–Ω–∏—è —Ä–∞–±–æ—Ç—ã —Å–µ—Ä–≤–∏—Å–∞ –∏—Å–ø–æ–ª—å–∑—É–µ—Ç —Ç–æ–ª—å–∫–æ –Ω–µ–ø–µ—Ä—Å–æ–Ω–∞–ª–∏–∑–∏—Ä–æ–≤–∞–Ω–Ω—ã–π Telegram ID."
3,2025-06-14 16:31:01,Llkhhhs,J0002,5249406291,–æ–ø—É–±–ª–∏–∫–æ–≤–∞–Ω–æ,Kllslhhs
4,2025-06-14 16:45:27,—ã–≤–∞—ã–≤–∞—ã,J0001,6148271304,–æ—Ç–º–µ–Ω–µ–Ω–æ,—ã–≤–∞—ã–≤–∞
5,2025-06-14 16:51:12,—Ñ—ã–≤—Ñ—ã–≤—Ñ—ã–≤,J0001,6148271304,–æ–ø—É–±–ª–∏–∫–æ–≤–∞–Ω–æ,—Ñ—ã–≤—Ñ—ã–≤—Ñ—ã–≤
6,2025-06-14 16:53:12,—ã–≤–∞—ã–≤–∞–≤—ã–∞,J0001,6148271304,–æ—Ç–º–µ–Ω–µ–Ω–æ,—ã–≤–∞—ã–≤–∞—ã–≤–∞
7,2025-06-14 16:58:48,Jjsnzhnsnmsmkzks,J0002,5249406291,–æ–ø—É–±–ª–∏–∫–æ–≤–∞–Ω–æ,Kkjsbbsbbsbnnnxooos
8,2025-06-14 17:05:32,–î–≤–∂–≤–¥–≤–¥—Ç—Ç–∞,J0002,5249406291,–æ–ø—É–±–ª–∏–∫–æ–≤–∞–Ω–æ,–ë–≤–±–≤–±–≤–±–±–≤–±
9,2025-06-14 17:06:53,–î–¥–≤–ª–≤–ª—Ç–≤—Ç–≤—Ç—Ç–≤—Ç–≤,J0002,5249406291,–æ—Ç–º–µ–Ω–µ–Ω–æ,–¢–≤—å–≤—å–≤–±–±–≤–±–≤–±–¥–≤
10,2025-06-14 18:54:45,–í—Å–µ –∫—Ä—É—Ç–æ —Å–∏–ª–æ—Å—ã—Ä–ª,J0005,268102258,–æ—Ç–º–µ–Ω–µ–Ω–æ,–û—á–µ–Ω—å –∫—Ä—É—Ç–æ–π üòé
11,2025-06-14 21:26:16,J0004,J0004,120201117,–æ–ø—É–±–ª–∏–∫–æ–≤–∞–Ω–æ,–í—Å—ë –Ω–æ—Ä–º –ê–º–∏–≥–æ
